MM:DD:YYYY hh:mm:ss,Library_Version,Session_type,Device_Number,Battery_Voltage,Motor_Turns,FR,Event,Active_Poke,Left_Poke_Count,Right_Poke_Count,Pellet_Count,Block_Pellet_Count,Retrieval_Time,InterPelletInterval,Poke_Time
6/1/2023 19:17:35,1.17.0,20,80,4.11,nan,30,Left,Right,1,0,0,0,nan,nan,0.00
6/1/2023 19:17:49,1.17.0,20,80,4.11,nan,30,Left,Right,2,0,0,0,nan,nan,0.00
6/1/2023 19:18:35,1.17.0,20,80,4.11,nan,30,Left,Right,3,0,0,0,nan,nan,0.00
6/1/2023 19:19:30,1.17.0,20,80,4.11,nan,30,Right,Left,3,1,0,0,nan,nan,0.00
6/1/2023 19:19:42,1.17.0,20,80,4.11,2,30,Pellet,Left,3,1,1,0,7.58,nan,nan
6/1/2023 19:20:26,1.17.0,20,80,4.11,nan,30,Right,Left,3,2,1,1,nan,nan,0.00
6/1/2023 19:20:30,1.17.0,20,80,4.11,1,30,Pellet,Left,3,2,2,1,1.15,48,nan
6/1/2023 19:21:19,1.17.0,20,80,4.11,nan,30,Right,Left,3,3,2,2,nan,nan,0.00
6/1/2023 19:21:24,1.17.0,20,80,4.11,1,30,Pellet,Left,3,3,3,2,2.01,54,nan
6/1/2023 19:22:24,1.17.0,20,80,4.11,nan,30,Right,Left,3,4,3,3,nan,nan,0.00
6/1/2023 19:22:29,1.17.0,20,80,4.11,1,30,Pellet,Left,3,4,4,3,1.77,65,nan
6/1/2023 19:24:04,1.17.0,20,80,4.11,nan,30,Right,Left,3,5,4,4,nan,nan,0.00
6/1/2023 19:24:12,1.17.0,20,80,4.11,nan,30,RightinTimeout,Left,3,5,4,4,nan,nan,0.07
6/1/2023 19:25:14,1.17.0,20,80,4.11,nan,30,Right,Left,3,6,4,4,nan,nan,0.00
6/1/2023 19:25:22,1.17.0,20,80,4.11,1,30,Pellet,Left,3,6,5,4,4.46,172,nan
6/1/2023 19:25:58,1.17.0,20,80,4.11,nan,30,Right,Left,3,7,5,5,nan,nan,0.00
6/1/2023 19:26:02,1.17.0,20,80,4.11,1,30,Pellet,Left,3,7,6,5,1.83,41,nan
6/1/2023 19:26:22,1.17.0,20,80,4.11,nan,30,Right,Left,3,8,6,6,nan,nan,0.00
6/1/2023 19:26:27,1.17.0,20,80,4.11,1,30,Pellet,Left,3,8,7,6,1.83,25,nan
6/1/2023 19:26:52,1.17.0,20,80,4.11,nan,30,Left,Right,4,8,7,7,nan,nan,0.00
6/1/2023 19:27:38,1.17.0,20,80,4.11,nan,30,Right,Left,4,9,7,7,nan,nan,0.00
6/1/2023 19:28:16,1.17.0,20,80,4.11,1,30,Pellet,Left,4,9,8,7,34.75,109,nan
6/1/2023 19:28:59,1.17.0,20,80,4.11,nan,30,Left,Right,5,9,8,8,nan,nan,0.00
6/1/2023 19:29:04,1.17.0,20,80,4.11,nan,30,RightinTimeout,Right,5,9,8,8,nan,nan,0.07
6/1/2023 19:29:14,1.17.0,20,80,4.11,nan,30,LeftinTimeOut,Right,5,9,8,8,nan,nan,nan
6/1/2023 19:29:20,1.17.0,20,80,4.11,nan,30,RightinTimeout,Right,5,9,8,8,nan,nan,0.02
6/1/2023 19:29:38,1.17.0,20,80,4.11,nan,30,Right,Left,5,10,8,8,nan,nan,0.00
6/1/2023 19:29:43,1.17.0,20,80,4.11,1,30,Pellet,Left,5,10,9,8,2.07,87,nan
6/1/2023 19:30:19,1.17.0,20,80,4.11,nan,30,Right,Left,5,11,9,9,nan,nan,0.00
6/1/2023 19:30:22,1.17.0,20,80,4.11,1,30,Pellet,Left,5,11,10,9,0.67,39,nan
6/1/2023 19:30:44,1.17.0,20,80,4.11,nan,30,Right,Left,5,12,10,10,nan,nan,0.00
6/1/2023 19:31:00,1.17.0,20,80,4.11,1,30,Pellet,Left,5,12,11,10,12.25,38,nan
6/1/2023 19:31:22,1.17.0,20,80,4.11,nan,30,Right,Left,5,13,11,11,nan,nan,0.00
6/1/2023 19:31:30,1.17.0,20,80,4.11,nan,30,RightinTimeout,Left,5,13,11,11,nan,nan,0.10
6/1/2023 19:31:36,1.17.0,20,80,4.11,nan,30,RightinTimeout,Left,5,13,11,11,nan,nan,0.09
6/1/2023 19:31:47,1.17.0,20,80,4.11,nan,30,Left,Right,6,13,11,11,nan,nan,0.00
6/1/2023 19:32:02,1.17.0,20,80,4.11,nan,30,Left,Right,7,13,11,11,nan,nan,0.00
6/1/2023 19:32:25,1.17.0,20,80,4.11,nan,30,Right,Left,7,14,11,11,nan,nan,0.00
6/1/2023 19:32:41,1.17.0,20,80,4.11,nan,30,Right,Left,7,15,11,11,nan,nan,0.00
6/1/2023 19:33:04,1.17.0,20,80,4.11,nan,30,Right,Left,7,16,11,11,nan,nan,0.00
6/1/2023 19:33:11,1.17.0,20,80,4.10,1,30,Pellet,Left,7,16,12,11,3.97,131,nan
6/1/2023 19:33:35,1.17.0,20,80,4.11,nan,30,Right,Left,7,17,12,12,nan,nan,0.00
6/1/2023 19:33:40,1.17.0,20,80,4.11,2,30,Pellet,Left,7,17,13,12,0.48,29,nan
6/1/2023 19:34:16,1.17.0,20,80,4.11,nan,30,Right,Left,7,18,13,13,nan,nan,0.00
6/1/2023 19:34:19,1.17.0,20,80,4.11,1,30,Pellet,Left,7,18,14,13,0.06,39,nan
6/1/2023 19:34:22,1.17.0,20,80,4.11,nan,30,Right,Left,7,19,14,14,nan,nan,0.00
6/1/2023 19:34:25,1.17.0,20,80,4.11,1,30,Pellet,Left,7,19,15,14,0.06,6,nan
6/1/2023 19:35:10,1.17.0,20,80,4.11,nan,30,Right,Left,7,20,15,15,nan,nan,0.00
6/1/2023 19:35:15,1.17.0,20,80,4.11,1,30,Pellet,Left,7,20,16,15,1.58,50,nan
6/1/2023 19:35:35,1.17.0,20,80,4.11,nan,30,Right,Left,7,21,16,16,nan,nan,0.00
6/1/2023 19:35:41,1.17.0,20,80,4.11,1,30,Pellet,Left,7,21,17,16,2.87,26,nan
6/1/2023 19:36:06,1.17.0,20,80,4.11,nan,30,Right,Left,7,22,17,17,nan,nan,0.00
6/1/2023 19:36:22,1.17.0,20,80,4.11,1,30,Pellet,Left,7,22,18,17,13.18,41,nan
6/1/2023 19:36:42,1.17.0,20,80,4.11,nan,30,Right,Left,7,23,18,18,nan,nan,0.00
6/1/2023 19:36:47,1.17.0,20,80,4.11,1,30,Pellet,Left,7,23,19,18,2.56,25,nan
6/1/2023 19:37:13,1.17.0,20,80,4.10,nan,30,Right,Left,7,24,19,19,nan,nan,0.00
6/1/2023 19:37:35,1.17.0,20,80,4.11,1,30,Pellet,Left,7,24,20,19,19.83,48,nan
6/1/2023 19:37:50,1.17.0,20,80,4.11,nan,30,Right,Left,7,25,20,20,nan,nan,0.00
6/1/2023 19:38:23,1.17.0,20,80,4.11,1,30,Pellet,Left,7,25,21,20,30.19,48,nan
6/1/2023 19:38:55,1.17.0,20,80,4.11,nan,30,Right,Left,7,26,21,21,nan,nan,0.00
6/1/2023 19:39:36,1.17.0,20,80,4.11,1,30,Pellet,Left,7,26,22,21,38.86,73,nan
6/1/2023 19:39:52,1.17.0,20,80,4.09,nan,30,Right,Left,7,27,22,22,nan,nan,0.00
6/1/2023 19:40:12,1.17.0,20,80,4.10,nan,30,Right,Left,7,28,22,22,nan,nan,0.00
6/1/2023 19:40:27,1.17.0,20,80,4.10,1,30,Pellet,Left,7,28,23,22,11.53,51,nan
6/1/2023 19:41:02,1.17.0,20,80,4.10,nan,30,Right,Left,7,29,23,23,nan,nan,0.00
6/1/2023 19:41:07,1.17.0,20,80,4.11,1,30,Pellet,Left,7,29,24,23,2.13,40,nan
6/1/2023 19:41:29,1.17.0,20,80,4.11,nan,30,Right,Left,7,30,24,24,nan,nan,0.00
6/1/2023 19:41:35,1.17.0,20,80,4.11,1,30,Pellet,Left,7,30,25,24,2.93,28,nan
6/1/2023 19:41:52,1.17.0,20,80,4.11,nan,30,Right,Left,7,31,25,25,nan,nan,0.00
6/1/2023 19:42:02,1.17.0,20,80,4.10,1,30,Pellet,Left,7,31,26,25,6.30,27,nan
6/1/2023 19:43:49,1.17.0,20,80,4.11,nan,30,Left,Right,8,31,26,26,nan,nan,0.00
6/1/2023 19:44:57,1.17.0,20,80,4.11,nan,30,Left,Right,9,31,26,26,nan,nan,0.00
6/1/2023 19:45:08,1.17.0,20,80,4.10,nan,30,LeftinTimeOut,Right,9,31,26,26,nan,nan,nan
6/1/2023 19:45:17,1.17.0,20,80,4.11,nan,30,RightinTimeout,Right,9,31,26,26,nan,nan,0.02
6/1/2023 19:46:29,1.17.0,20,80,4.11,nan,30,Left,Right,10,31,26,26,nan,nan,0.00
6/1/2023 19:47:17,1.17.0,20,80,4.11,nan,30,Left,Right,11,31,26,26,nan,nan,0.00
6/1/2023 19:48:18,1.17.0,20,80,4.11,nan,30,Right,Left,11,32,26,26,nan,nan,0.00
6/1/2023 19:48:22,1.17.0,20,80,4.11,1,30,Pellet,Left,11,32,27,26,1.58,380,nan
6/1/2023 19:48:57,1.17.0,20,80,4.11,nan,30,Right,Left,11,33,27,27,nan,nan,0.00
6/1/2023 19:49:03,1.17.0,20,80,4.10,1,30,Pellet,Left,11,33,28,27,2.99,41,nan
6/1/2023 19:50:29,1.17.0,20,80,4.10,nan,30,Left,Right,12,33,28,28,nan,nan,0.00
6/1/2023 19:50:44,1.17.0,20,80,4.11,1,30,Pellet,Right,12,33,29,28,11.22,101,nan
6/1/2023 19:51:30,1.17.0,20,80,4.11,nan,30,Left,Right,13,33,29,29,nan,nan,0.00
6/1/2023 19:52:28,1.17.0,20,80,4.10,nan,30,Right,Left,13,34,29,29,nan,nan,0.00
6/1/2023 19:52:48,1.17.0,20,80,4.11,1,30,Pellet,Left,13,34,30,29,17.05,124,nan
6/1/2023 19:54:51,1.17.0,80,20,4.10,nan,30,Left,Left,14,34,30,0,nan,nan,0.00
6/1/2023 19:54:54,1.17.0,80,20,4.10,2,30,Pellet,Left,14,34,31,0,0.06,126,nan
6/1/2023 19:55:58,1.17.0,80,20,4.10,nan,30,Right,Right,14,35,31,1,nan,nan,0.00
6/1/2023 19:56:18,1.17.0,80,20,4.10,nan,30,Right,Right,14,36,31,1,nan,nan,0.00
6/1/2023 19:56:39,1.17.0,80,20,4.10,nan,30,Left,Left,15,36,31,1,nan,nan,0.00
6/1/2023 19:56:45,1.17.0,80,20,4.09,2,30,Pellet,Left,15,36,32,1,0.85,111,nan
6/1/2023 19:57:17,1.17.0,80,20,4.10,nan,30,Right,Right,15,37,32,2,nan,nan,0.00
6/1/2023 19:58:08,1.17.0,80,20,4.10,nan,30,Right,Right,15,38,32,2,nan,nan,0.00
6/1/2023 19:58:13,1.17.0,80,20,4.10,1,30,Pellet,Right,15,38,33,2,2.38,88,nan
6/1/2023 19:58:46,1.17.0,80,20,4.11,nan,30,Right,Right,15,39,33,3,nan,nan,0.00
6/1/2023 19:59:16,1.17.0,80,20,4.11,nan,30,Left,Left,16,39,33,3,nan,nan,0.00
6/1/2023 19:59:41,1.17.0,80,20,4.10,nan,30,Right,Right,16,40,33,3,nan,nan,0.00
6/1/2023 20:00:12,1.17.0,80,20,4.11,nan,30,Left,Left,17,40,33,3,nan,nan,0.00
6/1/2023 20:00:22,1.17.0,80,20,4.10,1,30,Pellet,Left,17,40,34,3,7.04,129,nan
6/1/2023 20:01:08,1.17.0,80,20,4.10,nan,30,Right,Right,17,41,34,4,nan,nan,0.00
6/1/2023 20:03:08,1.17.0,80,20,4.10,nan,30,Right,Right,17,42,34,4,nan,nan,0.00
6/1/2023 20:03:29,1.17.0,80,20,4.11,nan,30,Right,Right,17,43,34,4,nan,nan,0.00
6/1/2023 20:03:36,1.17.0,80,20,4.10,1,30,Pellet,Right,17,43,35,4,4.16,194,nan
6/1/2023 20:04:03,1.17.0,80,20,4.11,nan,30,Right,Right,17,44,35,5,nan,nan,0.00
6/1/2023 20:04:10,1.17.0,80,20,4.10,1,30,Pellet,Right,17,44,36,5,4.22,34,nan
6/1/2023 20:04:33,1.17.0,80,20,4.10,nan,30,Right,Right,17,45,36,6,nan,nan,0.00
6/1/2023 20:04:38,1.17.0,80,20,4.11,1,30,Pellet,Right,17,45,37,6,1.89,28,nan
6/1/2023 20:05:13,1.17.0,80,20,4.10,nan,30,Left,Left,18,45,37,7,nan,nan,0.00
6/1/2023 20:05:42,1.17.0,80,20,4.11,nan,30,Right,Right,18,46,37,7,nan,nan,0.00
6/1/2023 20:05:56,1.17.0,80,20,4.10,nan,30,Left,Left,19,46,37,7,nan,nan,0.00
6/1/2023 20:06:00,1.17.0,80,20,4.10,1,30,Pellet,Left,19,46,38,7,1.34,82,nan
6/1/2023 20:06:39,1.17.0,80,20,4.10,nan,30,Left,Left,20,46,38,8,nan,nan,0.00
6/1/2023 20:07:16,1.17.0,80,20,4.10,nan,30,Right,Right,20,47,38,8,nan,nan,0.00
6/1/2023 20:08:14,1.17.0,80,20,4.10,nan,30,Right,Right,20,48,38,8,nan,nan,0.00
6/1/2023 20:08:41,1.17.0,80,20,4.11,nan,30,Left,Left,21,48,38,8,nan,nan,0.00
6/1/2023 20:08:47,1.17.0,80,20,4.10,2,30,Pellet,Left,21,48,39,8,0.73,167,nan
6/1/2023 20:09:08,1.17.0,80,20,4.10,nan,30,Right,Right,21,49,39,9,nan,nan,0.00
6/1/2023 20:09:28,1.17.0,80,20,4.11,nan,30,Left,Left,22,49,39,9,nan,nan,0.00
6/1/2023 20:09:33,1.17.0,80,20,4.09,1,30,Pellet,Left,22,49,40,9,2.08,46,nan
6/1/2023 20:11:38,1.17.0,80,20,4.10,nan,30,Left,Left,23,49,40,10,nan,nan,0.00
6/1/2023 20:11:44,1.17.0,80,20,4.10,1,30,Pellet,Left,23,49,41,10,3.54,131,nan
6/1/2023 20:13:07,1.17.0,80,20,4.10,nan,30,Right,Right,23,50,41,11,nan,nan,0.00
6/1/2023 20:13:26,1.17.0,80,20,4.11,nan,30,Right,Right,23,51,41,11,nan,nan,0.00
6/1/2023 20:13:52,1.17.0,80,20,4.10,nan,30,Right,Right,23,52,41,11,nan,nan,0.00
6/1/2023 20:14:02,1.17.0,80,20,4.10,nan,30,LeftinTimeOut,Right,23,52,41,11,nan,nan,nan
6/1/2023 20:14:07,1.17.0,80,20,4.10,nan,30,LeftinTimeOut,Right,23,52,41,11,nan,nan,nan
6/1/2023 20:14:37,1.17.0,80,20,4.10,nan,30,Right,Right,23,53,41,11,nan,nan,0.00
6/1/2023 20:19:08,1.17.0,80,20,4.09,nan,30,Right,Right,23,54,41,11,nan,nan,0.00
6/1/2023 20:19:20,1.17.0,80,20,4.09,nan,30,RightinTimeout,Right,23,54,41,11,nan,nan,0.12
6/1/2023 20:19:39,1.17.0,80,20,4.10,nan,30,Right,Right,23,55,41,11,nan,nan,0.00
6/1/2023 20:20:40,1.17.0,80,20,4.10,nan,30,Left,Left,24,55,41,11,nan,nan,0.00
6/1/2023 20:21:08,1.17.0,80,20,4.10,nan,30,Right,Right,24,56,41,11,nan,nan,0.00
6/1/2023 20:22:42,1.17.0,80,20,4.10,nan,30,Left,Left,25,56,41,11,nan,nan,0.00
6/1/2023 20:22:48,1.17.0,80,20,4.10,1,30,Pellet,Left,25,56,42,11,3.00,664,nan
6/1/2023 20:24:22,1.17.0,80,20,4.09,nan,30,Right,Right,25,57,42,12,nan,nan,0.00
6/1/2023 20:24:56,1.17.0,80,20,4.10,nan,30,Right,Right,25,58,42,12,nan,nan,0.00
6/1/2023 20:25:01,1.17.0,80,20,4.09,nan,30,RightinTimeout,Right,25,58,42,12,nan,nan,0.13
6/1/2023 20:25:12,1.17.0,80,20,4.09,nan,30,Left,Left,26,58,42,12,nan,nan,0.00
6/1/2023 20:25:15,1.17.0,80,20,4.09,1,30,Pellet,Left,26,58,43,12,0.06,147,nan
6/1/2023 20:25:37,1.17.0,80,20,4.09,nan,30,Right,Right,26,59,43,13,nan,nan,0.00
6/1/2023 20:25:42,1.17.0,80,20,4.09,nan,30,LeftinTimeOut,Right,26,59,43,13,nan,nan,nan
6/1/2023 20:25:47,1.17.0,80,20,4.10,nan,30,RightinTimeout,Right,26,59,43,13,nan,nan,0.04
6/1/2023 20:26:21,1.17.0,80,20,4.10,nan,30,Right,Right,26,60,43,13,nan,nan,0.00
6/1/2023 20:28:28,1.17.0,80,20,4.10,nan,30,Right,Right,26,61,43,13,nan,nan,0.00
6/1/2023 20:29:05,1.17.0,80,20,4.09,nan,30,Right,Right,26,62,43,13,nan,nan,0.00
6/1/2023 20:29:21,1.17.0,80,20,4.09,nan,30,Right,Right,26,63,43,13,nan,nan,0.00
6/1/2023 20:30:30,1.17.0,80,20,4.07,nan,30,Right,Right,26,64,43,13,nan,nan,0.00
6/1/2023 20:30:36,1.17.0,80,20,4.10,1,30,Pellet,Right,26,64,44,13,3.12,321,nan
6/1/2023 20:35:24,1.17.0,80,20,4.09,nan,30,Right,Right,26,65,44,14,nan,nan,0.00
6/1/2023 20:39:52,1.17.0,80,20,4.09,nan,30,Right,Right,26,66,44,14,nan,nan,0.00
6/1/2023 20:40:45,1.17.0,80,20,4.10,nan,30,Right,Right,26,67,44,14,nan,nan,0.00
6/1/2023 20:41:17,1.17.0,80,20,4.09,nan,30,Right,Right,26,68,44,14,nan,nan,0.00
6/1/2023 20:41:22,1.17.0,80,20,4.09,1,30,Pellet,Right,26,68,45,14,1.34,646,nan
6/1/2023 20:41:52,1.17.0,80,20,4.09,nan,30,Right,Right,26,69,45,15,nan,nan,0.00
6/1/2023 20:41:56,1.17.0,80,20,4.09,nan,30,RightinTimeout,Right,26,69,45,15,nan,nan,0.15
6/1/2023 20:46:34,1.17.0,80,20,4.09,nan,30,Right,Right,26,70,45,15,nan,nan,0.00
6/1/2023 20:46:40,1.17.0,80,20,4.09,1,30,Pellet,Right,26,70,46,15,2.20,318,nan
6/1/2023 20:47:08,1.17.0,80,20,4.09,nan,30,Right,Right,26,71,46,16,nan,nan,0.00
6/1/2023 20:47:16,1.17.0,80,20,4.10,nan,30,RightinTimeout,Right,26,71,46,16,nan,nan,0.09
6/1/2023 20:47:20,1.17.0,80,20,4.09,nan,30,RightinTimeout,Right,26,71,46,16,nan,nan,0.24
6/1/2023 20:51:18,1.17.0,80,20,4.09,nan,30,Right,Right,26,72,46,16,nan,nan,0.00
6/1/2023 20:51:22,1.17.0,80,20,4.09,1,30,Pellet,Right,26,72,47,16,0.79,282,nan
6/1/2023 20:51:49,1.17.0,80,20,4.09,nan,30,Right,Right,26,73,47,17,nan,nan,0.00
6/1/2023 20:52:05,1.17.0,80,20,4.09,nan,30,Left,Left,27,73,47,17,nan,nan,0.00
6/1/2023 20:52:10,1.17.0,80,20,4.10,1,30,Pellet,Left,27,73,48,17,1.89,48,nan
6/1/2023 20:52:34,1.17.0,80,20,4.09,nan,30,Right,Right,27,74,48,18,nan,nan,0.00
6/1/2023 20:52:38,1.17.0,80,20,4.09,1,30,Pellet,Right,27,74,49,18,1.09,28,nan
6/1/2023 20:53:01,1.17.0,80,20,4.09,nan,30,Right,Right,27,75,49,19,nan,nan,0.00
6/1/2023 20:56:35,1.17.0,80,20,4.09,nan,30,Right,Right,27,76,49,19,nan,nan,0.00
6/1/2023 20:56:43,1.17.0,80,20,4.09,3,30,Pellet,Right,27,76,50,19,0.48,245,nan
6/1/2023 20:57:24,1.17.0,80,20,4.09,nan,30,Left,Left,28,76,50,20,nan,nan,0.00
6/1/2023 20:57:28,1.17.0,80,20,4.09,1,30,Pellet,Left,28,76,51,20,1.03,45,nan
6/1/2023 20:58:43,1.17.0,80,20,4.09,nan,30,Right,Right,28,77,51,21,nan,nan,0.00
6/1/2023 21:09:07,1.17.0,80,20,4.09,nan,30,Left,Left,29,77,51,21,nan,nan,0.00
6/1/2023 21:09:10,1.17.0,80,20,4.09,1,30,Pellet,Left,29,77,52,21,0.24,702,nan
6/1/2023 21:09:38,1.17.0,80,20,4.09,nan,30,Right,Right,29,78,52,22,nan,nan,0.00
6/1/2023 21:09:44,1.17.0,80,20,4.09,nan,30,RightinTimeout,Right,29,78,52,22,nan,nan,0.02
6/1/2023 21:09:52,1.17.0,80,20,4.09,nan,30,RightinTimeout,Right,29,78,52,22,nan,nan,0.16
6/1/2023 21:09:52,1.17.0,80,20,4.09,nan,30,RightinTimeout,Right,29,78,52,22,nan,nan,0.09
6/1/2023 21:10:12,1.17.0,80,20,4.09,nan,30,Left,Left,30,78,52,22,nan,nan,0.00
6/1/2023 21:10:17,1.17.0,80,20,4.09,1,30,Pellet,Left,30,78,53,22,1.64,66,nan
6/1/2023 21:10:42,1.17.0,80,20,4.09,nan,30,Right,Right,30,79,53,23,nan,nan,0.00
6/1/2023 21:10:45,1.17.0,80,20,4.09,2,30,Pellet,Right,30,79,54,23,0.18,29,nan
6/1/2023 21:11:07,1.17.0,80,20,4.09,nan,30,Right,Right,30,80,54,24,nan,nan,0.00
6/1/2023 21:11:47,1.17.0,80,20,4.09,nan,30,Right,Right,30,81,54,24,nan,nan,0.00
6/1/2023 21:14:15,1.17.0,80,20,4.09,nan,30,Right,Right,30,82,54,24,nan,nan,0.00
6/1/2023 21:14:39,1.17.0,80,20,4.09,nan,30,Left,Left,31,82,54,24,nan,nan,0.00
6/1/2023 21:14:46,1.17.0,80,20,4.09,1,30,Pellet,Left,31,82,55,24,3.73,241,nan
6/1/2023 21:16:08,1.17.0,80,20,4.09,nan,30,Right,Right,31,83,55,25,nan,nan,0.00
6/1/2023 21:16:12,1.17.0,80,20,4.09,1,30,Pellet,Right,31,83,56,25,1.16,86,nan
6/1/2023 21:16:40,1.17.0,80,20,4.09,nan,30,Right,Right,31,84,56,26,nan,nan,0.00
6/1/2023 21:24:10,1.17.0,80,20,4.09,nan,30,Right,Right,31,85,56,26,nan,nan,0.00
6/1/2023 21:27:06,1.17.0,80,20,4.09,nan,30,Right,Right,31,86,56,26,nan,nan,0.00
6/1/2023 21:27:11,1.17.0,80,20,4.09,nan,30,RightinTimeout,Right,31,86,56,26,nan,nan,0.26
6/1/2023 21:27:23,1.17.0,80,20,4.09,nan,30,Right,Right,31,87,56,26,nan,nan,0.00
6/1/2023 21:27:33,1.17.0,80,20,4.09,nan,30,LeftinTimeOut,Right,31,87,56,26,nan,nan,nan
6/1/2023 21:27:34,1.17.0,80,20,4.09,nan,30,RightinTimeout,Right,31,87,56,26,nan,nan,0.09
6/1/2023 21:27:46,1.17.0,80,20,4.09,nan,30,Right,Right,31,88,56,26,nan,nan,0.00
6/1/2023 21:27:52,1.17.0,80,20,4.09,2,30,Pellet,Right,31,88,57,26,0.06,700,nan
6/1/2023 21:28:17,1.17.0,80,20,4.09,nan,30,Right,Right,31,89,57,27,nan,nan,0.00
6/1/2023 21:28:40,1.17.0,80,20,4.10,3,30,Pellet,Right,31,89,58,27,17.00,47,nan
6/1/2023 21:29:24,1.17.0,80,20,4.09,nan,30,Right,Right,31,90,58,28,nan,nan,0.00
6/1/2023 21:29:37,1.17.0,80,20,4.09,nan,30,RightinTimeout,Right,31,90,58,28,nan,nan,0.09
6/1/2023 21:29:46,1.17.0,80,20,4.09,nan,30,LeftinTimeOut,Right,31,90,58,28,nan,nan,nan
6/1/2023 21:29:46,1.17.0,80,20,4.09,nan,30,LeftinTimeOut,Right,31,90,58,28,nan,nan,nan
6/1/2023 21:30:31,1.17.0,80,20,4.09,nan,30,Right,Right,31,91,58,28,nan,nan,0.00
6/1/2023 21:30:36,1.17.0,80,20,4.09,nan,30,RightinTimeout,Right,31,91,58,28,nan,nan,0.27
6/1/2023 21:30:50,1.17.0,80,20,4.09,nan,30,Right,Right,31,92,58,28,nan,nan,0.00
6/1/2023 21:30:54,1.17.0,80,20,4.08,2,30,Pellet,Right,31,92,59,28,0.85,135,nan
6/1/2023 21:31:20,1.17.0,80,20,4.09,nan,30,Right,Right,31,93,59,29,nan,nan,0.00
6/1/2023 21:37:05,1.17.0,80,20,4.09,nan,30,Right,Right,31,94,59,29,nan,nan,0.00
6/1/2023 21:40:48,1.17.0,80,20,4.09,nan,30,Right,Right,31,95,59,29,nan,nan,0.00
6/1/2023 21:52:22,1.17.0,80,20,4.09,nan,30,Right,Right,31,96,59,29,nan,nan,0.00
6/1/2023 21:52:32,1.17.0,80,20,4.09,nan,30,RightinTimeout,Right,31,96,59,29,nan,nan,0.11
6/1/2023 21:52:42,1.17.0,80,20,4.09,nan,30,RightinTimeout,Right,31,96,59,29,nan,nan,0.31
6/1/2023 21:52:42,1.17.0,80,20,4.09,nan,30,RightinTimeout,Right,31,96,59,29,nan,nan,0.05
6/1/2023 21:52:51,1.17.0,80,20,4.09,nan,30,RightinTimeout,Right,31,96,59,29,nan,nan,0.33
6/1/2023 21:52:55,1.17.0,80,20,4.09,nan,30,LeftinTimeOut,Right,31,96,59,29,nan,nan,nan
6/1/2023 21:53:11,1.17.0,80,20,4.09,nan,30,Right,Right,31,97,59,29,nan,nan,0.00
6/1/2023 21:53:16,1.17.0,80,20,4.09,nan,30,LeftinTimeOut,Right,31,97,59,29,nan,nan,nan
6/1/2023 21:53:35,1.17.0,80,20,4.07,nan,30,Left,Left,32,97,59,29,nan,nan,0.29
6/1/2023 21:53:41,1.17.0,80,20,4.09,nan,30,RightinTimeout,Left,32,97,59,29,nan,nan,0.52
6/1/2023 21:53:46,1.17.0,80,20,4.09,nan,30,LeftinTimeOut,Left,32,97,59,29,nan,nan,nan
6/1/2023 21:53:50,1.17.0,80,20,4.09,nan,30,LeftinTimeOut,Left,32,97,59,29,nan,nan,nan
6/1/2023 21:53:55,1.17.0,80,20,4.09,nan,30,RightinTimeout,Left,32,97,59,29,nan,nan,0.27
6/1/2023 21:54:03,1.17.0,80,20,4.09,nan,30,LeftinTimeOut,Left,32,97,59,29,nan,nan,nan
6/1/2023 21:54:05,1.17.0,80,20,4.08,nan,30,RightinTimeout,Left,32,97,59,29,nan,nan,0.20
6/1/2023 21:54:10,1.17.0,80,20,4.09,nan,30,LeftinTimeOut,Left,32,97,59,29,nan,nan,nan
6/1/2023 21:54:19,1.17.0,80,20,4.08,nan,30,RightinTimeout,Left,32,97,59,29,nan,nan,0.10
6/1/2023 21:54:24,1.17.0,80,20,4.09,nan,30,RightinTimeout,Left,32,97,59,29,nan,nan,0.27
6/1/2023 21:54:37,1.17.0,80,20,4.09,nan,30,Left,Left,33,97,59,29,nan,nan,0.00
6/1/2023 21:54:41,1.17.0,80,20,4.09,2,30,Pellet,Left,33,97,60,29,0.42,1427,nan
6/1/2023 21:55:06,1.17.0,20,80,4.09,nan,30,Right,Left,33,98,60,0,nan,nan,0.00
6/1/2023 21:55:09,1.17.0,20,80,4.08,2,30,Pellet,Left,33,98,61,0,0.18,28,nan
6/1/2023 21:55:33,1.17.0,20,80,4.09,nan,30,Right,Left,33,99,61,1,nan,nan,0.00
6/1/2023 21:56:29,1.17.0,20,80,4.09,nan,30,Left,Right,34,99,61,1,nan,nan,0.00
6/1/2023 22:06:02,1.17.0,20,80,4.09,nan,30,Left,Right,35,99,61,1,nan,nan,0.09
6/1/2023 22:06:17,1.17.0,20,80,4.09,nan,30,Right,Left,35,100,61,1,nan,nan,0.21
6/1/2023 22:06:21,1.17.0,20,80,4.09,1,30,Pellet,Left,35,100,62,1,0.55,672,nan
6/1/2023 22:06:51,1.17.0,20,80,4.09,nan,30,Right,Left,35,101,62,2,nan,nan,0.00
6/1/2023 22:07:11,1.17.0,20,80,4.09,2,30,Pellet,Left,35,101,63,2,15.65,50,nan
6/1/2023 22:07:32,1.17.0,20,80,4.09,nan,30,Right,Left,35,102,63,3,nan,nan,0.00
6/1/2023 22:08:00,1.17.0,20,80,4.08,nan,30,Right,Left,35,103,63,3,nan,nan,0.00
6/1/2023 22:08:03,1.17.0,20,80,4.09,1,30,Pellet,Left,35,103,64,3,0.18,52,nan
6/1/2023 22:08:26,1.17.0,20,80,4.09,nan,30,Right,Left,35,104,64,4,nan,nan,0.00
6/1/2023 22:08:29,1.17.0,20,80,4.08,1,30,Pellet,Left,35,104,65,4,0.06,26,nan
6/1/2023 22:08:51,1.17.0,20,80,4.09,nan,30,Right,Left,35,105,65,5,nan,nan,0.00
6/1/2023 22:08:55,1.17.0,20,80,4.09,1,30,Pellet,Left,35,105,66,5,0.18,25,nan
6/1/2023 22:09:18,1.17.0,20,80,4.08,nan,30,Right,Left,35,106,66,6,nan,nan,0.00
6/1/2023 22:09:35,1.17.0,20,80,4.08,nan,30,Right,Left,35,107,66,6,nan,nan,0.00
6/1/2023 22:09:39,1.17.0,20,80,4.09,1,30,Pellet,Left,35,107,67,6,0.42,45,nan
6/1/2023 22:10:02,1.17.0,20,80,4.09,nan,30,Right,Left,35,108,67,7,nan,nan,0.00
6/1/2023 22:10:05,1.17.0,20,80,4.09,1,30,Pellet,Left,35,108,68,7,0.06,25,nan
6/1/2023 22:10:26,1.17.0,20,80,4.09,nan,30,Right,Left,35,109,68,8,nan,nan,0.00
6/1/2023 22:10:29,1.17.0,20,80,4.09,1,30,Pellet,Left,35,109,69,8,0.06,25,nan
6/1/2023 22:10:51,1.17.0,20,80,4.09,nan,30,Right,Left,35,110,69,9,nan,nan,0.00
6/1/2023 22:10:54,1.17.0,20,80,4.09,1,30,Pellet,Left,35,110,70,9,0.12,25,nan
6/1/2023 22:11:14,1.17.0,20,80,4.09,nan,30,Right,Left,35,111,70,10,nan,nan,0.00
6/1/2023 22:11:17,1.17.0,20,80,4.09,1,30,Pellet,Left,35,111,71,10,0.06,23,nan
6/1/2023 22:11:39,1.17.0,20,80,4.08,nan,30,Right,Left,35,112,71,11,nan,nan,0.00
6/1/2023 22:15:28,1.17.0,20,80,4.09,nan,30,Right,Left,35,113,71,11,nan,nan,0.00
6/1/2023 22:15:31,1.17.0,20,80,4.09,1,30,Pellet,Left,35,113,72,11,0.30,254,nan
6/1/2023 22:15:57,1.17.0,20,80,4.09,nan,30,Right,Left,35,114,72,12,nan,nan,0.00
6/1/2023 22:16:00,1.17.0,20,80,4.09,2,30,Pellet,Left,35,114,73,12,0.06,29,nan
6/1/2023 22:16:28,1.17.0,20,80,4.09,nan,30,Right,Left,35,115,73,13,nan,nan,0.00
6/1/2023 22:16:31,1.17.0,20,80,4.08,1,30,Pellet,Left,35,115,74,13,0.12,31,nan
6/1/2023 22:16:55,1.17.0,20,80,4.08,nan,30,Right,Left,35,116,74,14,nan,nan,0.00
6/1/2023 22:16:58,1.17.0,20,80,4.08,1,30,Pellet,Left,35,116,75,14,0.12,27,nan
6/1/2023 22:17:24,1.17.0,20,80,4.08,nan,30,Right,Left,35,117,75,15,nan,nan,0.00
6/1/2023 22:23:53,1.17.0,20,80,4.08,nan,30,Right,Left,35,118,75,15,nan,nan,0.00
6/1/2023 22:23:56,1.17.0,20,80,4.08,1,30,Pellet,Left,35,118,76,15,0.55,418,nan
6/1/2023 22:24:21,1.17.0,20,80,4.09,nan,30,Right,Left,35,119,76,16,nan,nan,0.00
6/1/2023 22:24:42,1.17.0,20,80,4.08,nan,30,Right,Left,35,120,76,16,nan,nan,0.00
6/1/2023 22:24:45,1.17.0,20,80,4.08,1,30,Pellet,Left,35,120,77,16,0.24,49,nan
6/1/2023 22:25:10,1.17.0,20,80,4.09,nan,30,Right,Left,35,121,77,17,nan,nan,0.00
6/1/2023 22:25:13,1.17.0,20,80,4.09,1,30,Pellet,Left,35,121,78,17,0.12,28,nan
6/1/2023 22:25:36,1.17.0,20,80,4.08,nan,30,Right,Left,35,122,78,18,nan,nan,0.00
6/1/2023 22:25:42,1.17.0,20,80,4.09,nan,30,RightinTimeout,Left,35,122,78,18,nan,nan,0.03
6/1/2023 22:26:20,1.17.0,20,80,4.08,nan,30,Right,Left,35,123,78,18,nan,nan,0.00
6/1/2023 22:26:23,1.17.0,20,80,4.09,1,30,Pellet,Left,35,123,79,18,0.79,70,nan
6/1/2023 22:26:44,1.17.0,20,80,4.08,nan,30,Right,Left,35,124,79,19,nan,nan,0.00
6/1/2023 22:26:48,1.17.0,20,80,4.09,1,30,Pellet,Left,35,124,80,19,0.12,25,nan
6/1/2023 22:27:10,1.17.0,20,80,4.09,nan,30,Right,Left,35,125,80,20,nan,nan,0.00
6/1/2023 22:27:13,1.17.0,20,80,4.08,1,30,Pellet,Left,35,125,81,20,0.36,25,nan
6/1/2023 22:27:32,1.17.0,20,80,4.08,nan,30,Right,Left,35,126,81,21,nan,nan,0.00
6/1/2023 22:27:36,1.17.0,20,80,4.09,1,30,Pellet,Left,35,126,82,21,0.61,23,nan
6/1/2023 22:27:58,1.17.0,20,80,4.08,nan,30,Right,Left,35,127,82,22,nan,nan,0.00
6/1/2023 22:28:01,1.17.0,20,80,4.08,1,30,Pellet,Left,35,127,83,22,0.06,25,nan
6/1/2023 22:28:35,1.17.0,20,80,4.08,nan,30,Right,Left,35,128,83,23,nan,nan,0.00
6/1/2023 22:28:39,1.17.0,20,80,4.08,1,30,Pellet,Left,35,128,84,23,1.03,38,nan
6/1/2023 22:29:01,1.17.0,20,80,4.08,nan,30,Right,Left,35,129,84,24,nan,nan,0.00
6/1/2023 22:29:06,1.17.0,20,80,4.08,2,30,Pellet,Left,35,129,85,24,0.06,27,nan
6/1/2023 22:29:27,1.17.0,20,80,4.08,nan,30,Right,Left,35,130,85,25,nan,nan,0.00
6/1/2023 22:29:30,1.17.0,20,80,4.08,1,30,Pellet,Left,35,130,86,25,0.12,24,nan
6/1/2023 22:46:51,1.17.0,20,80,4.08,nan,30,Right,Left,35,131,86,26,nan,nan,0.00
6/1/2023 22:46:54,1.17.0,20,80,4.08,1,30,Pellet,Left,35,131,87,26,0.24,1044,nan
6/1/2023 22:47:17,1.17.0,20,80,4.07,nan,30,Right,Left,35,132,87,27,nan,nan,0.00
6/1/2023 22:47:20,1.17.0,20,80,4.08,1,30,Pellet,Left,35,132,88,27,0.24,26,nan
6/1/2023 22:47:42,1.17.0,20,80,4.09,nan,30,Right,Left,35,133,88,28,nan,nan,0.00
6/1/2023 22:47:45,1.17.0,20,80,4.08,2,30,Pellet,Left,35,133,89,28,0.06,25,nan
6/1/2023 22:48:06,1.17.0,20,80,4.08,nan,30,Right,Left,35,134,89,29,nan,nan,0.00
6/1/2023 22:56:50,1.17.0,20,80,4.08,nan,30,Right,Left,35,135,89,29,nan,nan,0.00
6/1/2023 22:56:53,1.17.0,20,80,4.08,1,30,Pellet,Left,35,135,90,29,0.12,548,nan
6/1/2023 22:57:17,1.17.0,80,20,4.08,nan,30,Right,Right,35,136,90,0,nan,nan,0.00
6/1/2023 23:00:18,1.17.0,80,20,4.09,nan,30,Right,Right,35,137,90,0,nan,nan,0.00
6/1/2023 23:07:50,1.17.0,80,20,4.08,nan,30,Right,Right,35,138,90,0,nan,nan,0.00
6/1/2023 23:07:53,1.17.0,80,20,4.08,1,30,Pellet,Right,35,138,91,0,0.30,660,nan
6/1/2023 23:08:21,1.17.0,80,20,4.08,nan,30,Right,Right,35,139,91,1,nan,nan,0.00
6/1/2023 23:21:52,1.17.0,80,20,4.07,nan,30,Right,Right,35,140,91,1,nan,nan,0.07
6/1/2023 23:29:21,1.17.0,80,20,4.07,nan,30,Right,Right,35,141,91,1,nan,nan,0.93
6/1/2023 23:29:37,1.17.0,80,20,4.08,nan,30,Right,Right,35,142,91,1,nan,nan,0.00
6/1/2023 23:29:40,1.17.0,80,20,4.07,1,30,Pellet,Right,35,142,92,1,0.12,1307,nan
6/1/2023 23:30:03,1.17.0,80,20,4.07,nan,30,Right,Right,35,143,92,2,nan,nan,0.00
6/1/2023 23:30:15,1.17.0,80,20,4.07,nan,30,RightinTimeout,Right,35,143,92,2,nan,nan,0.11
6/1/2023 23:30:20,1.17.0,80,20,4.07,nan,30,RightinTimeout,Right,35,143,92,2,nan,nan,0.19
6/1/2023 23:30:26,1.17.0,80,20,4.08,nan,30,RightinTimeout,Right,35,143,92,2,nan,nan,0.57
6/1/2023 23:30:34,1.17.0,80,20,4.08,nan,30,RightinTimeout,Right,35,143,92,2,nan,nan,0.73
6/1/2023 23:30:51,1.17.0,80,20,4.08,nan,30,Left,Left,36,143,92,2,nan,nan,0.00
6/1/2023 23:30:55,1.17.0,80,20,4.07,1,30,Pellet,Left,36,143,93,2,0.42,75,nan
6/1/2023 23:31:16,1.17.0,80,20,4.07,nan,30,Right,Right,36,144,93,3,nan,nan,0.00
6/1/2023 23:31:31,1.17.0,80,20,4.08,nan,30,Right,Right,36,145,93,3,nan,nan,0.00
6/1/2023 23:31:49,1.17.0,80,20,4.09,nan,30,Right,Right,36,146,93,3,nan,nan,0.00
6/1/2023 23:32:16,1.17.0,80,20,4.07,nan,30,Left,Left,37,146,93,3,nan,nan,0.00
6/1/2023 23:32:20,1.17.0,80,20,4.07,1,30,Pellet,Left,37,146,94,3,0.61,84,nan
6/1/2023 23:32:42,1.17.0,80,20,4.08,nan,30,Right,Right,37,147,94,4,nan,nan,0.00
6/1/2023 23:32:45,1.17.0,80,20,4.07,1,30,Pellet,Right,37,147,95,4,0.06,26,nan
6/1/2023 23:33:08,1.17.0,80,20,4.08,nan,30,Right,Right,37,148,95,5,nan,nan,0.00
6/1/2023 23:33:26,1.17.0,80,20,4.07,nan,30,Left,Left,38,148,95,5,nan,nan,0.00
6/1/2023 23:33:30,1.17.0,80,20,4.07,1,30,Pellet,Left,38,148,96,5,1.03,44,nan
6/1/2023 23:33:54,1.17.0,80,20,4.07,nan,30,Right,Right,38,149,96,6,nan,nan,0.00
6/1/2023 23:37:42,1.17.0,80,20,4.07,nan,30,Right,Right,38,150,96,6,nan,nan,0.00
6/1/2023 23:45:50,1.17.0,80,20,4.07,nan,30,Left,Left,39,150,96,6,nan,nan,0.28
6/1/2023 23:46:15,1.17.0,80,20,4.07,nan,30,Left,Left,40,150,96,6,nan,nan,0.06
6/1/2023 23:46:19,1.17.0,80,20,4.07,1,30,Pellet,Left,40,150,97,6,0.61,770,nan
6/1/2023 23:46:45,1.17.0,80,20,4.07,nan,30,Right,Right,40,151,97,7,nan,nan,0.00
6/1/2023 23:46:56,1.17.0,80,20,4.07,nan,30,RightinTimeout,Right,40,151,97,7,nan,nan,0.98
6/1/2023 23:47:11,1.17.0,80,20,4.08,nan,30,Right,Right,40,152,97,7,nan,nan,0.00
6/1/2023 23:47:22,1.17.0,80,20,4.07,nan,30,RightinTimeout,Right,40,152,97,7,nan,nan,1.61
6/1/2023 23:53:51,1.17.0,80,20,4.07,nan,30,Right,Right,40,153,97,7,nan,nan,0.00
6/1/2023 23:53:59,1.17.0,80,20,4.07,nan,30,LeftinTimeOut,Right,40,153,97,7,nan,nan,nan
6/1/2023 23:54:05,1.17.0,80,20,4.07,nan,30,RightinTimeout,Right,40,153,97,7,nan,nan,0.32
6/1/2023 23:54:10,1.17.0,80,20,4.07,nan,30,LeftinTimeOut,Right,40,153,97,7,nan,nan,nan
6/1/2023 23:54:34,1.17.0,80,20,4.08,nan,30,Right,Right,40,154,97,7,nan,nan,0.00
6/1/2023 23:54:38,1.17.0,80,20,4.07,nan,30,RightinTimeout,Right,40,154,97,7,nan,nan,0.19
6/1/2023 23:54:54,1.17.0,80,20,4.07,nan,30,Right,Right,40,155,97,7,nan,nan,0.00
6/2/2023 0:00:36,1.17.0,80,20,4.07,nan,30,Right,Right,40,156,97,7,nan,nan,0.00
6/2/2023 0:00:39,1.17.0,80,20,4.08,1,30,Pellet,Right,40,156,98,7,0.48,860,nan
6/2/2023 0:01:09,1.17.0,80,20,4.07,nan,30,Right,Right,40,157,98,8,nan,nan,0.00
6/2/2023 0:01:19,1.17.0,80,20,4.07,nan,30,RightinTimeout,Right,40,157,98,8,nan,nan,1.18
6/2/2023 0:01:26,1.17.0,80,20,4.07,nan,30,RightinTimeout,Right,40,157,98,8,nan,nan,0.13
6/2/2023 0:01:37,1.17.0,80,20,4.07,nan,30,Left,Left,41,157,98,8,nan,nan,0.31
6/2/2023 0:01:40,1.17.0,80,20,4.07,1,30,Pellet,Left,41,157,99,8,0.06,61,nan
6/2/2023 0:02:03,1.17.0,80,20,4.07,nan,30,Right,Right,41,158,99,9,nan,nan,0.00
6/2/2023 0:02:25,1.17.0,80,20,4.07,nan,30,Right,Right,41,159,99,9,nan,nan,0.00
6/2/2023 0:02:45,1.17.0,80,20,4.07,nan,30,Right,Right,41,160,99,9,nan,nan,0.00
6/2/2023 0:02:52,1.17.0,80,20,4.07,nan,30,RightinTimeout,Right,41,160,99,9,nan,nan,0.14
6/2/2023 0:02:58,1.17.0,80,20,4.07,nan,30,LeftinTimeOut,Right,41,160,99,9,nan,nan,nan
6/2/2023 0:03:06,1.17.0,80,20,4.07,nan,30,RightinTimeout,Right,41,160,99,9,nan,nan,0.70
6/2/2023 0:03:16,1.17.0,80,20,4.07,nan,30,LeftinTimeOut,Right,41,160,99,9,nan,nan,nan
6/2/2023 0:03:22,1.17.0,80,20,4.07,nan,30,RightinTimeout,Right,41,160,99,9,nan,nan,0.22
6/2/2023 0:03:26,1.17.0,80,20,4.07,nan,30,LeftinTimeOut,Right,41,160,99,9,nan,nan,nan
6/2/2023 0:03:37,1.17.0,80,20,4.07,nan,30,Right,Right,41,161,99,9,nan,nan,0.00
6/2/2023 0:03:55,1.17.0,80,20,4.07,nan,30,Left,Left,42,161,99,9,nan,nan,0.00
6/2/2023 0:03:58,1.17.0,80,20,4.07,1,30,Pellet,Left,42,161,100,9,0.24,138,nan
6/2/2023 0:04:27,1.17.0,80,20,4.07,nan,30,Left,Left,43,161,100,10,nan,nan,0.12
6/2/2023 0:12:51,1.17.0,80,20,4.07,nan,30,Right,Right,43,162,100,10,nan,nan,0.00
6/2/2023 0:12:57,1.17.0,80,20,4.07,nan,30,RightinTimeout,Right,43,162,100,10,nan,nan,1.77
6/2/2023 0:13:06,1.17.0,80,20,4.07,nan,30,RightinTimeout,Right,43,162,100,10,nan,nan,1.33
6/2/2023 0:13:11,1.17.0,80,20,4.07,nan,30,RightinTimeout,Right,43,162,100,10,nan,nan,1.04
6/2/2023 0:13:19,1.17.0,80,20,4.07,nan,30,LeftinTimeOut,Right,43,162,100,10,nan,nan,nan
6/2/2023 0:13:39,1.17.0,80,20,4.07,nan,30,Right,Right,43,163,100,10,nan,nan,0.00
6/2/2023 0:17:38,1.17.0,80,20,4.07,nan,30,Right,Right,43,164,100,10,nan,nan,0.00
6/2/2023 0:18:27,1.17.0,80,20,4.07,nan,30,Left,Left,44,164,100,10,nan,nan,0.26
6/2/2023 0:18:30,1.17.0,80,20,4.07,1,30,Pellet,Left,44,164,101,10,0.12,872,nan
6/2/2023 0:18:59,1.17.0,80,20,4.07,nan,30,Right,Right,44,165,101,11,nan,nan,0.00
6/2/2023 0:19:07,1.17.0,80,20,4.07,nan,30,RightinTimeout,Right,44,165,101,11,nan,nan,1.18
6/2/2023 0:19:15,1.17.0,80,20,4.07,nan,30,LeftinTimeOut,Right,44,165,101,11,nan,nan,nan
6/2/2023 0:19:31,1.17.0,80,20,4.07,nan,30,Left,Left,45,165,101,11,nan,nan,0.08
6/2/2023 0:19:35,1.17.0,80,20,4.07,1,30,Pellet,Left,45,165,102,11,0.30,65,nan
6/2/2023 0:19:59,1.17.0,80,20,4.07,nan,30,Right,Right,45,166,102,12,nan,nan,0.00
6/2/2023 0:21:43,1.17.0,80,20,4.08,nan,30,Right,Right,45,167,102,12,nan,nan,0.00
6/2/2023 0:22:07,1.17.0,80,20,4.07,nan,30,Right,Right,45,168,102,12,nan,nan,0.00
6/2/2023 0:33:12,1.17.0,80,20,4.07,nan,30,Right,Right,45,169,102,12,nan,nan,0.00
6/2/2023 0:34:27,1.17.0,80,20,4.07,nan,30,Right,Right,45,170,102,12,nan,nan,0.00
6/2/2023 0:41:23,1.17.0,80,20,4.07,nan,30,Right,Right,45,171,102,12,nan,nan,0.00
6/2/2023 0:45:49,1.17.0,80,20,4.07,nan,30,Right,Right,45,172,102,12,nan,nan,0.53
6/2/2023 0:48:23,1.17.0,80,20,4.07,nan,30,Left,Left,46,172,102,12,nan,nan,0.00
6/2/2023 0:48:27,1.17.0,80,20,4.07,1,30,Pellet,Left,46,172,103,12,0.18,1732,nan
6/2/2023 0:48:51,1.17.0,80,20,4.07,nan,30,Right,Right,46,173,103,13,nan,nan,0.00
6/2/2023 0:49:13,1.17.0,80,20,4.07,nan,30,Left,Left,47,173,103,13,nan,nan,0.13
6/2/2023 0:49:16,1.17.0,80,20,4.07,1,30,Pellet,Left,47,173,104,13,0.24,49,nan
6/2/2023 0:50:05,1.17.0,80,20,4.07,nan,30,Right,Right,47,174,104,14,nan,nan,0.00
6/2/2023 0:50:08,1.17.0,80,20,4.07,1,30,Pellet,Right,47,174,105,14,0.12,52,nan
6/2/2023 0:50:32,1.17.0,80,20,4.07,nan,30,Right,Right,47,175,105,15,nan,nan,0.00
6/2/2023 0:50:54,1.17.0,80,20,4.07,nan,30,Right,Right,47,176,105,15,nan,nan,0.00
6/2/2023 0:51:15,1.17.0,80,20,4.05,nan,30,Right,Right,47,177,105,15,nan,nan,0.00
6/2/2023 0:51:22,1.17.0,80,20,4.05,nan,30,LeftinTimeOut,Right,47,177,105,15,nan,nan,nan
6/2/2023 0:51:31,1.17.0,80,20,4.05,nan,30,LeftinTimeOut,Right,47,177,105,15,nan,nan,nan
6/2/2023 0:51:34,1.17.0,80,20,4.05,nan,30,RightinTimeout,Right,47,177,105,15,nan,nan,1.07
6/2/2023 0:51:35,1.17.0,80,20,4.05,nan,30,RightinTimeout,Right,47,177,105,15,nan,nan,0.30
6/2/2023 0:51:40,1.17.0,80,20,4.06,nan,30,LeftinTimeOut,Right,47,177,105,15,nan,nan,nan
6/2/2023 0:51:49,1.17.0,80,20,4.07,nan,30,LeftinTimeOut,Right,47,177,105,15,nan,nan,nan
6/2/2023 0:51:58,1.17.0,80,20,4.07,nan,30,RightinTimeout,Right,47,177,105,15,nan,nan,0.11
6/2/2023 0:52:10,1.17.0,80,20,4.07,nan,30,Right,Right,47,178,105,15,nan,nan,0.00
6/2/2023 0:52:16,1.17.0,80,20,4.07,2,30,Pellet,Right,47,178,106,15,0.24,128,nan
6/2/2023 0:52:40,1.17.0,80,20,4.07,nan,30,Right,Right,47,179,106,16,nan,nan,0.00
6/2/2023 0:59:51,1.17.0,80,20,4.06,nan,30,Right,Right,47,180,106,16,nan,nan,0.43
6/2/2023 1:04:11,1.17.0,80,20,4.06,nan,30,Right,Right,47,181,106,16,nan,nan,0.00
6/2/2023 1:13:30,1.17.0,80,20,4.07,nan,30,Right,Right,47,182,106,16,nan,nan,0.00
6/2/2023 1:15:30,1.17.0,80,20,4.07,nan,30,Right,Right,47,183,106,16,nan,nan,0.00
6/2/2023 1:15:36,1.17.0,80,20,4.07,nan,30,RightinTimeout,Right,47,183,106,16,nan,nan,0.20
6/2/2023 1:15:37,1.17.0,80,20,4.07,nan,30,RightinTimeout,Right,47,183,106,16,nan,nan,0.28
6/2/2023 1:16:49,1.17.0,80,20,4.07,nan,30,Right,Right,47,184,106,16,nan,nan,0.00
6/2/2023 1:22:36,1.17.0,80,20,4.06,nan,30,Right,Right,47,185,106,16,nan,nan,0.30
6/2/2023 1:22:41,1.17.0,80,20,4.07,2,30,Pellet,Right,47,185,107,16,0.36,1825,nan
6/2/2023 1:23:13,1.17.0,80,20,4.06,nan,30,Right,Right,47,186,107,17,nan,nan,0.00
6/2/2023 1:23:18,1.17.0,80,20,4.07,nan,30,RightinTimeout,Right,47,186,107,17,nan,nan,0.08
6/2/2023 1:27:41,1.17.0,80,20,4.06,nan,30,Right,Right,47,187,107,17,nan,nan,0.00
6/2/2023 1:27:51,1.17.0,80,20,4.06,nan,30,RightinTimeout,Right,47,187,107,17,nan,nan,0.19
6/2/2023 1:28:05,1.17.0,80,20,4.07,nan,30,Right,Right,47,188,107,17,nan,nan,0.87
6/2/2023 1:28:21,1.17.0,80,20,4.07,nan,30,Right,Right,47,189,107,17,nan,nan,0.00
6/2/2023 1:28:35,1.17.0,80,20,4.07,nan,30,RightinTimeout,Right,47,189,107,17,nan,nan,0.99
6/2/2023 1:28:42,1.17.0,80,20,4.07,nan,30,RightinTimeout,Right,47,189,107,17,nan,nan,0.25
6/2/2023 1:28:47,1.17.0,80,20,4.06,nan,30,LeftinTimeOut,Right,47,189,107,17,nan,nan,nan
6/2/2023 1:29:07,1.17.0,80,20,4.07,nan,30,Right,Right,47,190,107,17,nan,nan,0.12
6/2/2023 1:29:16,1.17.0,80,20,4.06,nan,30,LeftinTimeOut,Right,47,190,107,17,nan,nan,nan
6/2/2023 1:29:24,1.17.0,80,20,4.07,nan,30,LeftinTimeOut,Right,47,190,107,17,nan,nan,nan
6/2/2023 1:29:28,1.17.0,80,20,4.06,nan,30,RightinTimeout,Right,47,190,107,17,nan,nan,0.34
6/2/2023 1:29:35,1.17.0,80,20,4.07,nan,30,LeftinTimeOut,Right,47,190,107,17,nan,nan,nan
6/2/2023 1:29:41,1.17.0,80,20,4.07,nan,30,RightinTimeout,Right,47,190,107,17,nan,nan,0.40
6/2/2023 1:29:46,1.17.0,80,20,4.07,nan,30,LeftinTimeOut,Right,47,190,107,17,nan,nan,nan
6/2/2023 1:29:50,1.17.0,80,20,4.07,nan,30,LeftinTimeOut,Right,47,190,107,17,nan,nan,nan
6/2/2023 1:29:53,1.17.0,80,20,4.07,nan,30,RightinTimeout,Right,47,190,107,17,nan,nan,0.34
6/2/2023 1:30:00,1.17.0,80,20,4.07,nan,30,RightinTimeout,Right,47,190,107,17,nan,nan,0.13
6/2/2023 1:30:12,1.17.0,80,20,4.07,nan,30,Left,Left,48,190,107,17,nan,nan,0.30
6/2/2023 1:30:15,1.17.0,80,20,4.07,1,30,Pellet,Left,48,190,108,17,0.48,454,nan
6/2/2023 1:30:46,1.17.0,80,20,4.07,nan,30,Left,Left,49,190,108,18,nan,nan,0.00
6/2/2023 1:30:55,1.17.0,80,20,4.07,2,30,Pellet,Left,49,190,109,18,3.30,40,nan
6/2/2023 1:31:38,1.17.0,80,20,4.07,nan,30,Left,Left,50,190,109,19,nan,nan,0.00
6/2/2023 1:31:41,1.17.0,80,20,4.06,1,30,Pellet,Left,50,190,110,19,0.12,46,nan
6/2/2023 1:32:08,1.17.0,80,20,4.06,nan,30,Right,Right,50,191,110,20,nan,nan,0.00
6/2/2023 1:32:28,1.17.0,80,20,4.07,nan,30,Left,Left,51,191,110,20,nan,nan,0.00
6/2/2023 1:33:03,1.17.0,80,20,4.07,nan,30,Left,Left,52,191,110,20,nan,nan,0.00
6/2/2023 1:33:07,1.17.0,80,20,4.07,1,30,Pellet,Left,52,191,111,20,0.12,86,nan
6/2/2023 1:33:35,1.17.0,80,20,4.06,nan,30,Right,Right,52,192,111,21,nan,nan,0.00
6/2/2023 1:34:13,1.17.0,80,20,4.06,nan,30,Right,Right,52,193,111,21,nan,nan,0.22
6/2/2023 1:34:16,1.17.0,80,20,4.07,1,30,Pellet,Right,52,193,112,21,0.24,69,nan
6/2/2023 1:34:43,1.17.0,80,20,4.07,nan,30,Right,Right,52,194,112,22,nan,nan,0.00
6/2/2023 1:34:46,1.17.0,80,20,4.07,1,30,Pellet,Right,52,194,113,22,0.12,30,nan
6/2/2023 1:35:09,1.17.0,80,20,4.05,nan,30,Right,Right,52,195,113,23,nan,nan,0.00
6/2/2023 1:35:12,1.17.0,80,20,4.07,1,30,Pellet,Right,52,195,114,23,0.06,26,nan
6/2/2023 1:35:44,1.17.0,80,20,4.07,nan,30,Right,Right,52,196,114,24,nan,nan,0.00
6/2/2023 1:36:22,1.17.0,80,20,4.07,nan,30,Right,Right,52,197,114,24,nan,nan,0.00
6/2/2023 1:36:25,1.17.0,80,20,4.07,1,30,Pellet,Right,52,197,115,24,0.06,73,nan
6/2/2023 1:36:50,1.17.0,80,20,4.06,nan,30,Right,Right,52,198,115,25,nan,nan,0.00
6/2/2023 1:36:54,1.17.0,80,20,4.06,1,30,Pellet,Right,52,198,116,25,0.24,29,nan
6/2/2023 1:37:17,1.17.0,80,20,4.07,nan,30,Right,Right,52,199,116,26,nan,nan,0.00
6/2/2023 1:42:59,1.17.0,80,20,4.07,nan,30,Left,Left,53,199,116,26,nan,nan,0.00
6/2/2023 1:43:02,1.17.0,80,20,4.06,1,30,Pellet,Left,53,199,117,26,0.06,368,nan
6/2/2023 1:43:18,1.17.0,80,20,4.07,nan,30,Right,Right,53,200,117,27,nan,nan,0.00
6/2/2023 1:43:26,1.17.0,80,20,4.06,nan,30,RightinTimeout,Right,53,200,117,27,nan,nan,0.26
6/2/2023 1:43:39,1.17.0,80,20,4.07,nan,30,Left,Left,54,200,117,27,nan,nan,0.00
6/2/2023 1:43:48,1.17.0,80,20,4.06,nan,30,LeftinTimeOut,Left,54,200,117,27,nan,nan,nan
6/2/2023 1:44:11,1.17.0,80,20,4.07,nan,30,Left,Left,55,200,117,27,nan,nan,0.02
6/2/2023 1:44:14,1.17.0,80,20,4.06,1,30,Pellet,Left,55,200,118,27,0.18,72,nan
6/2/2023 1:44:39,1.17.0,80,20,4.06,nan,30,Right,Right,55,201,118,28,nan,nan,0.00
6/2/2023 1:47:47,1.17.0,80,20,4.07,nan,30,Right,Right,55,202,118,28,nan,nan,0.00
6/2/2023 1:48:12,1.17.0,80,20,4.06,nan,30,Left,Left,56,202,118,28,nan,nan,0.00
6/2/2023 1:55:36,1.17.0,80,20,4.07,nan,30,Right,Right,56,203,118,28,nan,nan,0.00
6/2/2023 1:56:13,1.17.0,80,20,4.06,nan,30,Left,Left,57,203,118,28,nan,nan,0.09
6/2/2023 1:56:16,1.17.0,80,20,4.06,1,30,Pellet,Left,57,203,119,28,0.12,722,nan
6/2/2023 1:56:42,1.17.0,80,20,4.07,nan,30,Left,Left,58,203,119,29,nan,nan,0.03
6/2/2023 1:56:48,1.17.0,80,20,4.06,nan,30,LeftinTimeOut,Left,58,203,119,29,nan,nan,nan
6/2/2023 1:56:59,1.17.0,80,20,4.06,nan,30,Left,Left,59,203,119,29,nan,nan,0.00
6/2/2023 1:57:03,1.17.0,80,20,4.06,1,30,Pellet,Left,59,203,120,29,0.42,47,nan
6/2/2023 1:57:28,1.17.0,20,80,4.06,nan,30,Right,Left,59,204,120,0,nan,nan,0.00
6/2/2023 1:57:31,1.17.0,20,80,4.06,1,30,Pellet,Left,59,204,121,0,0.06,28,nan
6/2/2023 1:57:54,1.17.0,20,80,4.06,nan,30,Right,Left,59,205,121,1,nan,nan,0.00
6/2/2023 1:57:57,1.17.0,20,80,4.06,1,30,Pellet,Left,59,205,122,1,0.06,26,nan
6/2/2023 1:58:21,1.17.0,20,80,4.07,nan,30,Right,Left,59,206,122,2,nan,nan,0.00
6/2/2023 1:58:24,1.17.0,20,80,4.06,1,30,Pellet,Left,59,206,123,2,0.06,27,nan
6/2/2023 1:58:51,1.17.0,20,80,4.05,nan,30,Right,Left,59,207,123,3,nan,nan,0.00
6/2/2023 2:09:33,1.17.0,20,80,4.06,nan,30,Left,Right,60,207,123,3,nan,nan,0.00
6/2/2023 2:09:47,1.17.0,20,80,4.06,nan,30,Left,Right,61,207,123,3,nan,nan,0.45
6/2/2023 2:09:50,1.17.0,20,80,4.06,1,30,Pellet,Right,61,207,124,3,0.18,686,nan
6/2/2023 2:10:15,1.17.0,20,80,4.07,nan,30,Right,Left,61,208,124,4,nan,nan,0.00
6/2/2023 2:10:20,1.17.0,20,80,4.06,2,30,Pellet,Left,61,208,125,4,0.06,30,nan
6/2/2023 2:10:44,1.17.0,20,80,4.06,nan,30,Right,Left,61,209,125,5,nan,nan,0.00
6/2/2023 2:11:05,1.17.0,20,80,4.07,2,30,Pellet,Left,61,209,126,5,15.34,45,nan
6/2/2023 2:11:36,1.17.0,20,80,4.06,nan,30,Right,Left,61,210,126,6,nan,nan,0.00
6/2/2023 2:11:39,1.17.0,20,80,4.06,1,30,Pellet,Left,61,210,127,6,0.06,34,nan
6/2/2023 2:12:13,1.17.0,20,80,4.06,nan,30,Right,Left,61,211,127,7,nan,nan,0.00
6/2/2023 2:12:16,1.17.0,20,80,4.07,1,30,Pellet,Left,61,211,128,7,0.12,37,nan
6/2/2023 2:12:39,1.17.0,20,80,4.06,nan,30,Right,Left,61,212,128,8,nan,nan,0.00
6/2/2023 2:13:04,1.17.0,20,80,4.06,2,30,Pellet,Left,61,212,129,8,19.78,48,nan
6/2/2023 2:13:40,1.17.0,20,80,4.07,nan,30,Right,Left,61,213,129,9,nan,nan,0.00
6/2/2023 2:13:43,1.17.0,20,80,4.06,2,30,Pellet,Left,61,213,130,9,0.06,39,nan
6/2/2023 2:14:06,1.17.0,20,80,4.07,nan,30,Right,Left,61,214,130,10,nan,nan,0.00
6/2/2023 2:14:09,1.17.0,20,80,4.06,1,30,Pellet,Left,61,214,131,10,0.24,26,nan
6/2/2023 2:14:32,1.17.0,20,80,4.06,nan,30,Right,Left,61,215,131,11,nan,nan,0.00
6/2/2023 2:14:52,1.17.0,20,80,4.05,3,30,Pellet,Left,61,215,132,11,13.43,43,nan
6/2/2023 2:15:16,1.17.0,20,80,4.06,nan,30,Right,Left,61,216,132,12,nan,nan,0.00
6/2/2023 2:15:19,1.17.0,20,80,4.06,2,30,Pellet,Left,61,216,133,12,0.06,27,nan
6/2/2023 2:15:41,1.17.0,20,80,4.06,nan,30,Right,Left,61,217,133,13,nan,nan,0.00
6/2/2023 2:15:44,1.17.0,20,80,4.06,1,30,Pellet,Left,61,217,134,13,0.18,25,nan
6/2/2023 2:16:09,1.17.0,20,80,4.06,nan,30,Left,Right,62,217,134,14,nan,nan,0.00
6/2/2023 2:23:09,1.17.0,20,80,4.06,nan,30,Right,Left,62,218,134,14,nan,nan,0.00
6/2/2023 2:23:30,1.17.0,20,80,4.06,nan,30,Left,Right,63,218,134,14,nan,nan,0.00
6/2/2023 2:40:44,1.17.0,20,80,4.05,nan,30,Left,Right,64,218,134,14,nan,nan,0.26
6/2/2023 2:40:47,1.17.0,20,80,4.06,1,30,Pellet,Right,64,218,135,14,0.24,1503,nan
6/2/2023 2:41:11,1.17.0,20,80,4.06,nan,30,Right,Left,64,219,135,15,nan,nan,0.00
6/2/2023 2:41:14,1.17.0,20,80,4.05,2,30,Pellet,Left,64,219,136,15,0.06,27,nan
6/2/2023 2:41:38,1.17.0,20,80,4.06,nan,30,Right,Left,64,220,136,16,nan,nan,0.00
6/2/2023 2:41:41,1.17.0,20,80,4.05,1,30,Pellet,Left,64,220,137,16,0.12,27,nan
6/2/2023 2:42:04,1.17.0,20,80,4.05,nan,30,Right,Left,64,221,137,17,nan,nan,0.00
6/2/2023 2:42:07,1.17.0,20,80,4.05,1,30,Pellet,Left,64,221,138,17,0.12,26,nan
6/2/2023 2:42:28,1.17.0,20,80,4.06,nan,30,Right,Left,64,222,138,18,nan,nan,0.00
6/2/2023 2:42:31,1.17.0,20,80,4.05,1,30,Pellet,Left,64,222,139,18,0.12,24,nan
6/2/2023 2:42:55,1.17.0,20,80,4.05,nan,30,Right,Left,64,223,139,19,nan,nan,0.00
6/2/2023 2:42:58,1.17.0,20,80,4.06,1,30,Pellet,Left,64,223,140,19,0.12,27,nan
6/2/2023 2:43:22,1.17.0,20,80,4.06,nan,30,Right,Left,64,224,140,20,nan,nan,0.00
6/2/2023 2:43:26,1.17.0,20,80,4.05,1,30,Pellet,Left,64,224,141,20,0.06,27,nan
6/2/2023 2:43:50,1.17.0,20,80,4.06,nan,30,Right,Left,64,225,141,21,nan,nan,0.00
6/2/2023 2:43:55,1.17.0,20,80,4.05,2,30,Pellet,Left,64,225,142,21,0.12,30,nan
6/2/2023 2:44:24,1.17.0,20,80,4.06,nan,30,Right,Left,64,226,142,22,nan,nan,0.00
6/2/2023 2:44:27,1.17.0,20,80,4.06,1,30,Pellet,Left,64,226,143,22,0.73,32,nan
6/2/2023 2:44:51,1.17.0,20,80,4.06,nan,30,Right,Left,64,227,143,23,nan,nan,0.00
6/2/2023 2:44:54,1.17.0,20,80,4.04,2,30,Pellet,Left,64,227,144,23,0.06,27,nan
6/2/2023 2:45:16,1.17.0,20,80,4.06,nan,30,Right,Left,64,228,144,24,nan,nan,0.00
6/2/2023 2:45:19,1.17.0,20,80,4.06,1,30,Pellet,Left,64,228,145,24,0.36,25,nan
6/2/2023 2:45:44,1.17.0,20,80,4.06,nan,30,Right,Left,64,229,145,25,nan,nan,0.00
6/2/2023 2:45:47,1.17.0,20,80,4.06,1,30,Pellet,Left,64,229,146,25,0.12,28,nan
6/2/2023 2:46:10,1.17.0,20,80,4.06,nan,30,Right,Left,64,230,146,26,nan,nan,0.00
6/2/2023 2:46:13,1.17.0,20,80,4.05,1,30,Pellet,Left,64,230,147,26,0.24,26,nan
6/2/2023 2:46:44,1.17.0,20,80,4.05,nan,30,Left,Right,65,230,147,27,nan,nan,0.00
6/2/2023 3:00:51,1.17.0,20,80,4.05,nan,30,Right,Left,65,231,147,27,nan,nan,0.00
6/2/2023 3:00:55,1.17.0,20,80,4.05,1,30,Pellet,Left,65,231,148,27,0.97,882,nan
6/2/2023 3:01:28,1.17.0,20,80,4.05,nan,30,Right,Left,65,232,148,28,nan,nan,0.00
6/2/2023 3:01:31,1.17.0,20,80,4.06,1,30,Pellet,Left,65,232,149,28,0.06,35,nan
6/2/2023 3:01:52,1.17.0,20,80,4.05,nan,30,Right,Left,65,233,149,29,nan,nan,0.00
6/2/2023 3:01:56,1.17.0,20,80,4.05,1,30,Pellet,Left,65,233,150,29,0.48,26,nan
6/2/2023 3:02:18,1.17.0,80,20,4.06,nan,30,Right,Right,65,234,150,0,nan,nan,0.00
6/2/2023 3:02:21,1.17.0,80,20,4.05,1,30,Pellet,Right,65,234,151,0,0.12,25,nan
6/2/2023 3:02:44,1.17.0,80,20,4.06,nan,30,Right,Right,65,235,151,1,nan,nan,0.11
6/2/2023 3:06:59,1.17.0,80,20,4.05,nan,30,Right,Right,65,236,151,1,nan,nan,0.00
6/2/2023 3:20:17,1.17.0,80,20,4.04,nan,30,Right,Right,65,237,151,1,nan,nan,0.00
6/2/2023 3:30:17,1.17.0,80,20,4.05,nan,30,Right,Right,65,238,151,1,nan,nan,0.00
6/2/2023 3:30:25,1.17.0,80,20,4.05,nan,30,RightinTimeout,Right,65,238,151,1,nan,nan,0.13
6/2/2023 3:30:41,1.17.0,80,20,4.05,nan,30,Left,Left,66,238,151,1,nan,nan,0.00
6/2/2023 3:30:44,1.17.0,80,20,4.05,2,30,Pellet,Left,66,238,152,1,0.06,1703,nan
6/2/2023 3:31:14,1.17.0,80,20,4.05,nan,30,Right,Right,66,239,152,2,nan,nan,0.00
6/2/2023 3:31:21,1.17.0,80,20,4.05,nan,30,RightinTimeout,Right,66,239,152,2,nan,nan,0.07
6/2/2023 3:41:49,1.17.0,80,20,4.05,nan,30,Left,Left,67,239,152,2,nan,nan,0.00
6/2/2023 3:41:52,1.17.0,80,20,4.05,1,30,Pellet,Left,67,239,153,2,0.42,668,nan
6/2/2023 3:42:28,1.17.0,80,20,4.05,nan,30,Right,Right,67,240,153,3,nan,nan,0.00
6/2/2023 3:42:40,1.17.0,80,20,4.05,nan,30,RightinTimeout,Right,67,240,153,3,nan,nan,0.16
6/2/2023 3:42:40,1.17.0,80,20,4.05,nan,30,RightinTimeout,Right,67,240,153,3,nan,nan,0.02
6/2/2023 3:42:49,1.17.0,80,20,4.05,nan,30,RightinTimeout,Right,67,240,153,3,nan,nan,0.73
6/2/2023 3:43:04,1.17.0,80,20,4.05,nan,30,Left,Left,68,240,153,3,nan,nan,0.00
6/2/2023 3:49:15,1.17.0,80,20,4.05,nan,30,Right,Right,68,241,153,3,nan,nan,1.64
6/2/2023 3:57:58,1.17.0,80,20,4.05,nan,30,Right,Right,68,242,153,3,nan,nan,0.00
6/2/2023 3:58:04,1.17.0,80,20,4.05,nan,30,RightinTimeout,Right,68,242,153,3,nan,nan,0.02
6/2/2023 4:09:33,1.17.0,80,20,4.05,nan,30,Right,Right,68,243,153,3,nan,nan,0.00
6/2/2023 4:25:23,1.17.0,80,20,4.05,nan,30,Right,Right,68,244,153,3,nan,nan,0.00
6/2/2023 4:26:35,1.17.0,80,20,4.05,nan,30,Right,Right,68,245,153,3,nan,nan,0.00
6/2/2023 4:26:58,1.17.0,80,20,4.05,nan,30,Right,Right,68,246,153,3,nan,nan,0.00
6/2/2023 4:27:46,1.17.0,80,20,4.05,nan,30,Left,Left,69,246,153,3,nan,nan,0.00
6/2/2023 4:27:49,1.17.0,80,20,4.05,1,30,Pellet,Left,69,246,154,3,0.12,2757,nan
6/2/2023 4:28:33,1.17.0,80,20,4.05,nan,30,Left,Left,70,246,154,4,nan,nan,0.00
6/2/2023 4:28:36,1.17.0,80,20,4.05,1,30,Pellet,Left,70,246,155,4,0.30,47,nan
6/2/2023 4:29:06,1.17.0,80,20,4.05,nan,30,Right,Right,70,247,155,5,nan,nan,0.00
6/2/2023 4:30:29,1.17.0,80,20,4.05,nan,30,Left,Left,71,247,155,5,nan,nan,0.00
6/2/2023 4:30:59,1.17.0,80,20,4.05,3,30,Pellet,Left,71,247,156,5,21.99,142,nan
6/2/2023 4:32:15,1.17.0,80,20,4.05,nan,30,Right,Right,71,248,156,6,nan,nan,0.00
6/2/2023 4:54:19,1.17.0,80,20,4.05,nan,30,Right,Right,71,249,156,6,nan,nan,0.00
6/2/2023 4:54:55,1.17.0,80,20,4.05,nan,30,Right,Right,71,250,156,6,nan,nan,0.00
6/2/2023 5:04:42,1.17.0,80,20,4.05,nan,30,Right,Right,71,251,156,6,nan,nan,0.00
6/2/2023 5:05:01,1.17.0,80,20,4.05,nan,30,Right,Right,71,252,156,6,nan,nan,0.00
6/2/2023 5:05:04,1.17.0,80,20,4.05,2,30,Pellet,Right,71,252,157,6,0.06,2046,nan
6/2/2023 5:05:46,1.17.0,80,20,4.05,nan,30,Right,Right,71,253,157,7,nan,nan,0.00
6/2/2023 5:05:55,1.17.0,80,20,4.05,nan,30,RightinTimeout,Right,71,253,157,7,nan,nan,0.70
6/2/2023 5:14:43,1.17.0,80,20,4.05,nan,30,Left,Left,72,253,157,7,nan,nan,0.00
6/2/2023 5:14:47,1.17.0,80,20,4.05,1,30,Pellet,Left,72,253,158,7,0.42,583,nan
6/2/2023 5:15:11,1.17.0,80,20,4.05,nan,30,Right,Right,72,254,158,8,nan,nan,0.00
6/2/2023 5:15:40,1.17.0,80,20,4.05,nan,30,Left,Left,73,254,158,8,nan,nan,0.00
6/2/2023 5:15:48,1.17.0,80,20,4.05,1,30,Pellet,Left,73,254,159,8,4.90,61,nan
6/2/2023 5:17:26,1.17.0,80,20,4.05,nan,30,Right,Right,73,255,159,9,nan,nan,0.00
6/2/2023 5:18:15,1.17.0,80,20,4.04,nan,30,Right,Right,73,256,159,9,nan,nan,0.00
6/2/2023 5:18:19,1.17.0,80,20,4.05,1,30,Pellet,Right,73,256,160,9,0.97,151,nan
6/2/2023 5:18:44,1.17.0,80,20,4.05,nan,30,Right,Right,73,257,160,10,nan,nan,0.00
6/2/2023 5:23:43,1.17.0,80,20,4.05,nan,30,Right,Right,73,258,160,10,nan,nan,0.00
6/2/2023 5:23:58,1.17.0,80,20,4.04,nan,30,Right,Right,73,259,160,10,nan,nan,0.00
6/2/2023 5:24:07,1.17.0,80,20,4.05,nan,30,LeftinTimeOut,Right,73,259,160,10,nan,nan,nan
6/2/2023 5:26:44,1.17.0,80,20,4.05,nan,30,Left,Left,74,259,160,10,nan,nan,0.00
6/2/2023 5:26:48,1.17.0,80,20,4.05,1,30,Pellet,Left,74,259,161,10,0.18,508,nan
6/2/2023 5:27:13,1.17.0,80,20,4.04,nan,30,Right,Right,74,260,161,11,nan,nan,0.00
6/2/2023 5:27:16,1.17.0,80,20,4.03,nan,30,RightinTimeout,Right,74,260,161,11,nan,nan,0.11
6/2/2023 5:35:46,1.17.0,80,20,4.03,nan,30,Right,Right,74,261,161,11,nan,nan,0.00
6/2/2023 5:35:54,1.17.0,80,20,4.05,nan,30,RightinTimeout,Right,74,261,161,11,nan,nan,0.16
6/2/2023 5:39:12,1.17.0,80,20,4.04,nan,30,Right,Right,74,262,161,11,nan,nan,0.00
6/2/2023 5:39:57,1.17.0,80,20,4.04,nan,30,Right,Right,74,263,161,11,nan,nan,0.00
6/2/2023 5:40:27,1.17.0,80,20,4.04,nan,30,Left,Left,75,263,161,11,nan,nan,0.00
6/2/2023 5:41:23,1.17.0,80,20,4.05,nan,30,Left,Left,76,263,161,11,nan,nan,0.00
6/2/2023 5:41:43,1.17.0,80,20,4.04,nan,30,Left,Left,77,263,161,11,nan,nan,0.00
6/2/2023 5:41:47,1.17.0,80,20,4.04,1,30,Pellet,Left,77,263,162,11,0.73,900,nan
6/2/2023 5:42:12,1.17.0,80,20,4.04,nan,30,Right,Right,77,264,162,12,nan,nan,0.00
6/2/2023 5:42:20,1.17.0,80,20,4.05,nan,30,LeftinTimeOut,Right,77,264,162,12,nan,nan,nan
6/2/2023 5:42:46,1.17.0,80,20,4.05,nan,30,Right,Right,77,265,162,12,nan,nan,0.00
6/2/2023 5:43:25,1.17.0,80,20,4.04,nan,30,Left,Left,78,265,162,12,nan,nan,0.00
6/2/2023 5:43:30,1.17.0,80,20,4.05,2,30,Pellet,Left,78,265,163,12,0.30,103,nan
6/2/2023 5:43:55,1.17.0,80,20,4.05,nan,30,Right,Right,78,266,163,13,nan,nan,0.00
6/2/2023 5:44:04,1.17.0,80,20,4.04,nan,30,LeftinTimeOut,Right,78,266,163,13,nan,nan,nan
6/2/2023 5:44:18,1.17.0,80,20,4.04,nan,30,Right,Right,78,267,163,13,nan,nan,0.00
6/2/2023 5:44:42,1.17.0,80,20,4.05,nan,30,Left,Left,79,267,163,13,nan,nan,0.00
6/2/2023 5:44:46,1.17.0,80,20,4.04,1,30,Pellet,Left,79,267,164,13,0.06,76,nan
6/2/2023 5:45:08,1.17.0,80,20,4.04,nan,30,Left,Left,80,267,164,14,nan,nan,0.00
6/2/2023 5:45:12,1.17.0,80,20,4.04,1,30,Pellet,Left,80,267,165,14,0.36,26,nan
6/2/2023 5:45:41,1.17.0,80,20,4.05,nan,30,Left,Left,81,267,165,15,nan,nan,0.00
6/2/2023 5:45:45,1.17.0,80,20,4.04,2,30,Pellet,Left,81,267,166,15,0.18,33,nan
6/2/2023 5:50:24,1.17.0,80,20,4.04,nan,30,Left,Left,82,267,166,16,nan,nan,0.00
6/2/2023 5:50:28,1.17.0,80,20,4.05,1,30,Pellet,Left,82,267,167,16,0.79,282,nan
6/2/2023 5:50:57,1.17.0,80,20,4.04,nan,30,Left,Left,83,267,167,17,nan,nan,0.00
6/2/2023 5:51:00,1.17.0,80,20,4.05,1,30,Pellet,Left,83,267,168,17,0.61,33,nan
6/2/2023 5:51:31,1.17.0,80,20,4.04,nan,30,Right,Right,83,268,168,18,nan,nan,0.00
6/2/2023 5:51:49,1.17.0,80,20,4.05,nan,30,Right,Right,83,269,168,18,nan,nan,0.00
6/2/2023 5:55:01,1.17.0,80,20,4.04,nan,30,Right,Right,83,270,168,18,nan,nan,0.00
6/2/2023 5:55:12,1.17.0,80,20,4.04,nan,30,RightinTimeout,Right,83,270,168,18,nan,nan,0.20
6/2/2023 5:55:17,1.17.0,80,20,4.04,nan,30,RightinTimeout,Right,83,270,168,18,nan,nan,0.15
6/2/2023 5:55:21,1.17.0,80,20,4.05,nan,30,RightinTimeout,Right,83,270,168,18,nan,nan,0.19
6/2/2023 6:38:27,1.17.0,80,20,4.03,nan,30,Right,Right,83,271,168,18,nan,nan,2496.80
6/2/2023 6:38:42,1.17.0,80,20,4.03,nan,30,Right,Right,83,272,168,18,nan,nan,0.00
6/2/2023 6:39:06,1.17.0,80,20,4.04,nan,30,Right,Right,83,273,168,18,nan,nan,0.00
6/2/2023 6:39:11,1.17.0,80,20,4.03,2,30,Pellet,Right,83,273,169,18,0.30,2891,nan
6/2/2023 6:39:55,1.17.0,80,20,4.04,nan,30,Right,Right,83,274,169,19,nan,nan,0.00
6/2/2023 6:41:44,1.17.0,80,20,4.03,nan,30,Right,Right,83,275,169,19,nan,nan,0.00
6/2/2023 6:45:47,1.17.0,80,20,4.03,nan,30,Right,Right,83,276,169,19,nan,nan,0.00
6/2/2023 7:45:26,1.17.0,80,20,4.03,nan,30,Right,Right,83,277,169,19,nan,nan,0.00
6/2/2023 7:45:30,1.17.0,80,20,4.03,nan,30,RightinTimeout,Right,83,277,169,19,nan,nan,0.02
6/2/2023 7:45:34,1.17.0,80,20,4.02,nan,30,RightinTimeout,Right,83,277,169,19,nan,nan,3.68
6/2/2023 7:45:56,1.17.0,80,20,4.03,nan,30,Right,Right,83,278,169,19,nan,nan,0.00
6/2/2023 7:45:59,1.17.0,80,20,4.03,1,30,Pellet,Right,83,278,170,19,0.18,4008,nan
6/2/2023 7:46:39,1.17.0,80,20,4.03,nan,30,Right,Right,83,279,170,20,nan,nan,0.00
6/2/2023 7:55:01,1.17.0,80,20,4.04,nan,30,Right,Right,83,280,170,20,nan,nan,0.00
6/2/2023 7:55:05,1.17.0,80,20,4.03,1,30,Pellet,Right,83,280,171,20,0.48,546,nan
6/2/2023 7:55:41,1.17.0,80,20,4.03,nan,30,Right,Right,83,281,171,21,nan,nan,0.00
6/2/2023 7:56:06,1.17.0,80,20,4.03,nan,30,Right,Right,83,282,171,21,nan,nan,0.00
6/2/2023 7:56:09,1.17.0,80,20,4.03,2,30,Pellet,Right,83,282,172,21,0.06,64,nan
6/2/2023 7:56:38,1.17.0,80,20,4.03,nan,30,Right,Right,83,283,172,22,nan,nan,0.00
6/2/2023 7:56:57,1.17.0,80,20,4.03,nan,30,Right,Right,83,284,172,22,nan,nan,0.00
6/2/2023 7:57:00,1.17.0,80,20,4.03,1,30,Pellet,Right,83,284,173,22,0.06,51,nan
6/2/2023 7:57:56,1.17.0,80,20,4.03,nan,30,Right,Right,83,285,173,23,nan,nan,0.00
6/2/2023 8:04:30,1.17.0,80,20,4.03,nan,30,Right,Right,83,286,173,23,nan,nan,0.00
6/2/2023 8:04:47,1.17.0,80,20,4.03,nan,30,Right,Right,83,287,173,23,nan,nan,0.00
6/2/2023 8:04:58,1.17.0,80,20,4.03,nan,30,RightinTimeout,Right,83,287,173,23,nan,nan,0.95
6/2/2023 8:05:10,1.17.0,80,20,4.03,nan,30,Right,Right,83,288,173,23,nan,nan,0.00
6/2/2023 8:05:31,1.17.0,80,20,4.03,nan,30,Right,Right,83,289,173,23,nan,nan,0.00
6/2/2023 8:05:35,1.17.0,80,20,4.03,1,30,Pellet,Right,83,289,174,23,0.55,515,nan
6/2/2023 8:06:04,1.17.0,80,20,4.03,nan,30,Right,Right,83,290,174,24,nan,nan,0.00
6/2/2023 8:10:23,1.17.0,80,20,4.03,nan,30,Right,Right,83,291,174,24,nan,nan,0.00
6/2/2023 8:11:05,1.17.0,80,20,4.03,nan,30,Right,Right,83,292,174,24,nan,nan,0.00
6/2/2023 8:11:09,1.17.0,80,20,4.03,1,30,Pellet,Right,83,292,175,24,1.46,334,nan
6/2/2023 8:11:39,1.17.0,80,20,4.03,nan,30,Right,Right,83,293,175,25,nan,nan,0.00
6/2/2023 8:11:42,1.17.0,80,20,4.03,1,30,Pellet,Right,83,293,176,25,0.06,33,nan
6/2/2023 8:12:16,1.17.0,80,20,4.03,nan,30,Right,Right,83,294,176,26,nan,nan,0.00
6/2/2023 8:21:24,1.17.0,80,20,4.03,nan,30,Right,Right,83,295,176,26,nan,nan,0.00
6/2/2023 8:21:31,1.17.0,80,20,4.03,3,30,Pellet,Right,83,295,177,26,0.06,589,nan
6/2/2023 8:22:05,1.17.0,80,20,4.03,nan,30,Right,Right,83,296,177,27,nan,nan,0.00
6/2/2023 8:22:08,1.17.0,80,20,4.03,1,30,Pellet,Right,83,296,178,27,0.06,37,nan
6/2/2023 8:22:32,1.17.0,80,20,4.03,nan,30,Right,Right,83,297,178,28,nan,nan,0.00
6/2/2023 8:22:41,1.17.0,80,20,4.03,nan,30,RightinTimeout,Right,83,297,178,28,nan,nan,0.39
6/2/2023 8:22:47,1.17.0,80,20,4.03,nan,30,RightinTimeout,Right,83,297,178,28,nan,nan,0.91
6/2/2023 8:22:49,1.17.0,80,20,4.03,nan,30,RightinTimeout,Right,83,297,178,28,nan,nan,0.41
6/2/2023 8:22:55,1.17.0,80,20,4.03,nan,30,RightinTimeout,Right,83,297,178,28,nan,nan,0.47
6/2/2023 8:22:59,1.17.0,80,20,4.03,nan,30,RightinTimeout,Right,83,297,178,28,nan,nan,0.11
6/2/2023 8:23:00,1.17.0,80,20,4.03,nan,30,RightinTimeout,Right,83,297,178,28,nan,nan,0.42
6/2/2023 8:23:13,1.17.0,80,20,4.03,nan,30,Right,Right,83,298,178,28,nan,nan,0.00
6/2/2023 8:25:08,1.17.0,80,20,4.03,nan,30,Right,Right,83,299,178,28,nan,nan,0.00
6/2/2023 8:25:25,1.17.0,80,20,4.03,nan,30,Right,Right,83,300,178,28,nan,nan,0.09
6/2/2023 8:41:07,1.17.0,80,20,4.03,nan,30,Right,Right,83,301,178,28,nan,nan,0.00
6/2/2023 8:52:58,1.17.0,80,20,4.03,nan,30,Right,Right,83,302,178,28,nan,nan,0.00
6/2/2023 8:54:02,1.17.0,80,20,4.03,nan,30,Right,Right,83,303,178,28,nan,nan,0.00
6/2/2023 8:54:05,1.17.0,80,20,4.03,1,30,Pellet,Right,83,303,179,28,0.18,1917,nan
6/2/2023 9:03:35,1.17.0,80,20,4.03,nan,30,Right,Right,83,304,179,29,nan,nan,0.00
6/2/2023 9:03:38,1.17.0,80,20,4.03,1,30,Pellet,Right,83,304,180,29,0.24,573,nan
6/2/2023 9:04:03,1.17.0,20,80,4.03,nan,30,Right,Left,83,305,180,0,nan,nan,0.00
6/2/2023 9:04:25,1.17.0,20,80,4.03,3,30,Pellet,Left,83,305,181,0,15.17,47,nan
6/2/2023 9:04:49,1.17.0,20,80,4.03,nan,30,Right,Left,83,306,181,1,nan,nan,0.00
6/2/2023 9:04:54,1.17.0,20,80,4.03,2,30,Pellet,Left,83,306,182,1,0.12,29,nan
6/2/2023 9:05:18,1.17.0,20,80,4.03,nan,30,Right,Left,83,307,182,2,nan,nan,0.00
6/2/2023 9:05:22,1.17.0,20,80,4.03,1,30,Pellet,Left,83,307,183,2,0.18,27,nan
6/2/2023 9:05:46,1.17.0,20,80,4.03,nan,30,Right,Left,83,308,183,3,nan,nan,0.00
6/2/2023 9:05:49,1.17.0,20,80,4.03,1,30,Pellet,Left,83,308,184,3,0.18,28,nan
6/2/2023 10:48:41,1.17.0,20,80,4.02,nan,30,Right,Left,83,309,184,4,nan,nan,0.00
6/2/2023 10:48:46,1.17.0,20,80,4.03,1,30,Pellet,Left,83,309,185,4,1.22,6176,nan
6/2/2023 10:49:55,1.17.0,20,80,4.03,nan,30,Right,Left,83,310,185,5,nan,nan,0.00
6/2/2023 10:49:58,1.17.0,20,80,4.03,1,30,Pellet,Left,83,310,186,5,0.73,73,nan
6/2/2023 11:30:59,1.17.0,20,80,4.02,nan,30,Right,Left,83,311,186,6,nan,nan,0.00
6/2/2023 11:31:03,1.17.0,20,80,4.02,1,30,Pellet,Left,83,311,187,6,1.34,2465,nan
6/2/2023 11:31:38,1.17.0,20,80,4.02,nan,30,Right,Left,83,312,187,7,nan,nan,0.00
6/2/2023 11:31:58,1.17.0,20,80,4.02,2,30,Pellet,Left,83,312,188,7,14.73,55,nan
6/2/2023 11:33:43,1.17.0,20,80,4.02,nan,30,Right,Left,83,313,188,8,nan,nan,0.00
6/2/2023 11:33:46,1.17.0,20,80,4.02,1,30,Pellet,Left,83,313,189,8,0.06,108,nan
6/2/2023 11:34:33,1.17.0,20,80,4.02,nan,30,Right,Left,83,314,189,9,nan,nan,0.00
6/2/2023 11:34:36,1.17.0,20,80,4.02,1,30,Pellet,Left,83,314,190,9,0.12,50,nan
6/2/2023 11:35:16,1.17.0,20,80,4.02,nan,30,Right,Left,83,315,190,10,nan,nan,0.00
6/2/2023 11:35:19,1.17.0,20,80,4.02,1,30,Pellet,Left,83,315,191,10,0.12,43,nan
6/2/2023 11:35:44,1.17.0,20,80,4.02,nan,30,Right,Left,83,316,191,11,nan,nan,0.00
6/2/2023 11:35:47,1.17.0,20,80,4.02,1,30,Pellet,Left,83,316,192,11,0.24,28,nan
6/2/2023 12:05:31,1.17.0,20,80,4.02,nan,30,Right,Left,83,317,192,12,nan,nan,0.00
6/2/2023 12:05:37,1.17.0,20,80,4.02,2,30,Pellet,Left,83,317,193,12,0.12,1790,nan
6/2/2023 12:06:12,1.17.0,20,80,4.02,nan,30,Right,Left,83,318,193,13,nan,nan,0.00
6/2/2023 12:06:17,1.17.0,20,80,4.02,2,30,Pellet,Left,83,318,194,13,0.12,40,nan
6/2/2023 12:06:48,1.17.0,20,80,4.02,nan,30,Right,Left,83,319,194,14,nan,nan,0.00
